user,post
"Puer aeternus","i need to get 200k from the goverment for my chad reconstructive surgery!"
"Puer aeternus","i need trenbolone from taxpayers to become a chad"
"ItsovERfucks","'Just be yourself ' 'Get a hobby ' 'Work on yourself ' 'Be confident 'I am sure everyone here is tired of hearing such 'advice.' The question is, how can all of this benefit us if we don't even get the opportunity to offer ourselves? Foids basically ignore us right away, we can't even introduce ourselves most of the time. When guys like us try to start a conversation with a female, they just ignore us, even with the most simple and innocent approach, with no second thoughts...'Don't rush it.'I've never sought to escalate things since I don't have the opportunity to do so....I'm confident that sex havers will never comprehend us because they live in an entirely different universe. They refuse to admit that they are fortunate and do not face the same challenges as we do."
"MoggedByALoli","Nice. I'll put my voice on a Chad body and get to live out my loli fantasies of cunny paradise."
"MoggedByALoli","If you're willing, it would be interesting. Need new content in this forum. Just race-baiting and hate for foids. Some more interactions between the users themselves would be nice."
"qbicus",">the watchers taught men to kill each other>The watchers taught foids to be more seductive>While the men fought each other the foids slept with angels>Women birth abominations of subhuman aggressive beingsThe flood was deserved, too bad the foids of the angels didn't get rocks hurled at them for eternity like the angels did."
"Siegfried","Foid orchestra teacher wrote me up for apparently being disrespectful to her (indicating that she has a fragile ego, common estrogenic trait) and for always being late to her class, 11 times in total out of all the fucking days of this semester. She's a whore too, literally has more than 1000 followers on her IG and shes a blonde short bitch with a huge ass and thighs. Clearly she enjoys getting railed by chads and niggers on the daily like the submissive cunt she is, she even dated one of the coaches who's like fucking 6'4 tall and she even says that she reads smut. What's even worse is that I know damn well there are others who are late everyday that receive no consequences, but when it's me, im the one that has to get punished.So yeah..... won't be active for a while. Hope that bitch catches AIDS and dies."
"MoggedByALoli","Unfortunate. I've suffered similarly in the past with my teachers as they punished me for the bullshit that was undeserving of the punishment or things that other people were doing. If I was a Chad, these cunts would have been sucking my dick, not caring about our age gap, but because I'm a Sub Fivemale, I get treated worse than others for the things I never choose."
"copemaxx9002","my theory is that we werent really allowed to be masculine and in most houses the mother had the power of divorce rape over the dad or a lot of us were raised by single moms."
"MoggedByALoli","Yep. No father figure or masculine mentors in the house led to all this bullshit. Single mothers have been disastrous for mankind."
"wasted12years","Zoomers are a product of a foid getting impregnated by Chad and then they feed the zoomer baby soy formula and vegan foods so he grows up feminine. Some of them still becomes handsome and tall because genetics and some of them gets fed meat and becomes Chad when they grow up."
"Zhou Chang-Xing","Bumble actually had to give up because toilets don't like making the first move. Imagine actually swiping on a Chad but being too nervous to talk to him. And if you swipe on a non-Chad you don't even bother messaging him.Only a Feminist could be stupid enough to realistically believe that the old model would work."
"Angry_runt","Foids would literally send hand wave emoji to my chadfishes on Bumble. Even that is too much effort for them apparently."
"lifeisfucked215","*Foids making the first moveRarely if ever happens. Their egos are way too big and they like to feel like they were chosen over other foids"
"copemaxx9002","and leftist women always want some ubermensch?"
"coping_manlet","News to me. Usually conservative women like to stay within their race. It’s the blue haired feminists with face piercings, tattoos and a buzz cut that always seem to want niggers bc it’s “woke”That or dumb blonde model bimbos looking for rappers or athletes"
"screwthefbi","Conservative foids dont exist"
"coping_manlet","They do down south. You realize over 40% of white women in the USA voted republican"
"LesscoBlob","Personally I don't, to me those women simply bat out of their league and struck out. Realistically he could do so much better than her.I've already heard the indignancy from the women who rush to insist that cheating is categorically indefensible, but I doubt that they genuinely believe that. When older men get cheated on by their mail order brides, do women characterize these men as victims? No, if anything they're more likely to characterize him as a pervert/abusive/controlling and her as the victim.Really it's a similar phenomenon. He was batting out of his league, or perhaps a 'gross old man chasing naive and vulnerable young women' as women tend to put it, and the wives have better options now that they have their green card.If anything this is worse because it's more likely that these women genuinely and intentionallydeceivedhim into getting married. And the man substantially improved her life, by enabling her to move to the US(or some other highly developed country) from a significantly poorer country.​"
"Angry_runt","I have no empathy for foids in any situation. They weeded my genes out of the gene pool, so I don't care about their problems."
"Antifem Lord","Nope unless they give me pussy they can go fuck themselves"
"Jason Voorhees","Paul Janka was a PUA back in the late 00s.These pics don't do him justice. He legit looked 8/10 in motion. He's also 6'2View: https://youtu.be/dmYT6qlyIwsView: https://youtu.be/sgWUKUQ0etkAdd to that he had some fame and a Harvard degree in physics, so this guy's overall SMV is easily top 0.1%. Best thing about this guy was how he would accurately track his success rate with women. He got 3428 numbers and slept with 153 women at one point. That works out to about 4.4% success rate. Even lower if you count the women he chatted up who didn't give the number. Proof here:Is Paul Janka The Real Deal? | Pick Up Artist MindsetPaul Janka has recently burst onto the PUA scene with his Attraction Formula e-book. I have never seen him in action besides his exposure on television programsweb.archive.orgMoral of the story: let go of your Handsome Squidward fantasies and living in lalala land that chads live in a different universe. There is no level of looks or SMV where picking up women will be easy. Even top 0.1% man is not enough and every girls type."
"CruxGammata","he picked the hottest foids, no man has the time to sleep with 3428 womanz"
"Angry_runt","The other famous PUA Mystery said on some forum that he also had sub 5% success rate from approaching 12 'sets' a night 4 nights a week. Although not every approach has to be a genuine attempt. Some are just warmups, some he decided not to follow up on because he got better prospects that time. He also fell apart when he fell in love with some girl and she dumped him."
"Electus","I think I can see why. I mean sure, he definitely was a Chad, but the high IQ and education, contrary to bluepill and popular belief, are actually a turn off for women. See, girls just wanna have fun. They have the best fun with someone like Meeks who's a Chad but is also a low IQ animal. Or with any Tyrone for the same reason. Women are lowly beings that get intimidated by actually valuable and accomplished men. Many were smitten by him at first bit when they realised he was a physics dork who'd actually judge them on how garbage they are they probably decided they'd fuck the local saggy pant drug dealer instead."
"Spooky_Heejin","Listening to him ramble about how he's fucked 130 women makes me so furious."
"Julaybib","why is this PUA shill squinting so hard ?Also degrees and your level of education mean literally nothing to women, so id say that his overal smv is a 6 max."
"Jason Voorhees","Most Chadfishing experiments end with the guy getting the woman's number. That's just the beginning of the game. Most women will flake out and drop off after that for one reason or another"
"Undervalued","So much cope. His achievements did not hurt his chances, and he is not a 6. Sub 8 theory is about the replaceability of most boyfriends and the oneitis that foids develop for Chad. Yes, foid standards are high, but not this high.1. Foids settle. 6s and 7s are not struggling at all.2. Many foids are unable to say no when in the moment. So, tons of flakes.3. Warm approaches have better chances than cold, but you can't do warm often.4. Commitments. Life doesn't revolve around sex.5. Early 2000s. No globalized market."
"Man","You are always wasting your time talking to women you don’t know, which was his entire shtick."
"ElTruecel","Cope. This is just insane cope iq and education have nothing to do with any of this and it will not turn off women who aren’t low class hoodrats JFL."
"NorthernWind","He is still much more successful than average normie.Also, he probably wasn't a 'bad boy'. Females are attracted to 'bad guys' ( criminal assholes ) and would choose 'bad' Chad over the 'good' Chad."
"Cayden Zhang","The jaws kinda weird in the photos but he’s definitely full chad in motion"
"LifeMaxxer","Even when you become Chad, not all women are magically gonna find you sexually appealing and attractive. Types do exist. Some women like a certain phenotype more than other phenotype"
"Puer aeternus","Or a black guy singing about fucking a girl jfl."
"FishmanBecker","California Girls"
"Zhou Chang-Xing","I do think that Autism is overdiagnosed in boys and underdiagnosed in girls. But as many toilets are having their first child later in life Autism is becoming rapidly more common in the developed world."
"der_komische","women like the androgyn feminine look in guys. Its why bts and all the other bands are popular"
"comradespiderman29","And every single, one of these kpop stars are surgerymaxxed, makeupmaxxed trannies. So it's not natural. The average gook doesn't look like that. And every single 'Asian chad' ricecels bring up are hapas."
"comradespiderman29","This is what girls mean by that."
"comradespiderman29","Same thing with a lot of Ethiopian women. Causcaian features will ALWAYS beat Colouring. There's a reason why hazaras get surgery despite, having light features. Gook features are unattractive."
"comradespiderman29","I have noticed this, japanese women are usually the Best looking Asian women."
"comradespiderman29","If Asian women are truly, the best looking why do they mutilate their faces and whiten their skin, dye their hair and wear contacts? Clearly, they feel their features aren't that attractive. And what's your source, that Asian women are the most attractive? Whites both men and women are always rated the most attractive."
"comradespiderman29","Nah, I'll still take a Lebanese Christian woman, over a noodlewhore."
"comradespiderman29","There are literally two old women there. The younger ones mog every surgery and makeupmaxxed noodlewhore in existence."
"comradespiderman29","You're an exception then. White women are rated the most attractive."
"Friezacel","Brootal. The foids on the pics have more SMV than whole .is combined"
"copemaxx9002","'yeah i just madeout wiith this suppper hot chick '*never see him around any women just see him acting tryhard around them and failing*'yeah i just got into a fight with like 8 dudes and beat them all up*etc. etc."
"Abacaxi14","I need a real hug.From a female.That loves me.I will never have this."
"slavcel11","Nothing's gonna happen, nothing ever happens."
"SupremeGentleCel","I hope women are ready, facing battle hardened VDV paratroopers and Storm-Z soldiers...."
"THE TRUE DIGLET","@atila the mutt chad posts the same kind of stuff we do, but because he is chad, he gets a gf"
"TheGrayWolf","I want a gf bc it's a man's natural desire. But it's obvious they knew ever since 9-10 years ago that it's over for me, they implied it many times. And still kind of do.Holly FUCK would that day be sweet if I introduced a pretty gf to them HOLY FUCK. And that's just the bonus, I want a (decent) gf bc I desire sex, touch and company"
"lonelysince2006","Mothers are fucking assholes, bro. I'm sorry this happened to you. Fuck her."
"TheGrayWolf","thanks. What you say may mostly be the case for others but in my case she accepted a lot and pays many things for me and I can still live in her house at 27 + can basically NEET."
"TheGrayWolf","I won't, I can't give up, I still want a gf but I know I'll never get one. But I'll probably just live a lonely hermit life, peaceful, somewhere in the Finnish wildness and the wolves will be my friend or if not they'll eat me but whatever"
"TheGrayWolf","why? how old are you? My parents just always knew it never began, maybe when I was 13 they thought I can get a gf once but ever since 14 years now? Nope. I'm 27, ugly, short, shy, socially awkward...... destined for decades of loneliness ahead"
"ars","I actually think a possible candidate would be@CruxGammata, since they used to have Dark Magician Girl as their profile picture a while ago."
"Whitefeminineboy","make himself a cuck for chad. jestermaxxing."
"ElTruecel","Lol at calling some random babyfaced druggie a chad"
"Logic55","According to experts, touch starvation may cause feelings of stress, anxiety, and depression. These effects can trigger further issues. Your body releases cortisol to overcome stress, suppressing the digestive and immune systems and increasing your: heart rate - GoogleThere is overwhelming evidence that touch starvation is a real phenomenon that has serious consequences for one's mental and physical health. Meanwhile, ignorant females say, 'You are not entitled to intimacy'Women nowadays are stupid, they will make excuses to justify male loneliness"
"Logic55","women say that you are at fault for being lonely"
"Rabbi Schneerson","Title : even black women aren’t attracted to black men this is 7 different posts saying the same thing . Stop believing in bbc or thugmaxing blacks are the most incelYour browser is not able to display this video."
"starcrapoo","From what I've seen black american men can at least get low tier non-black beckies or fat white, asian, and latina landwhales.Also a few non-black mid tier beckies actually give non ghetto black men a chance. Liberal white anglos have a soft spot for black men however criminal prone and terrible their reputation may be. While at the same time those same liberal white anglos, especially the foids, including the white washed ethnic foids, openly mock asian men and indian men"
"PoodankMcGee","Sadly there is simply no path to understanding with normies and foids who cannot even conceive how to feeld to live a lifetime of loneliness, sexlessness, and social marginalization—let alone empathize with it and be willing to be our allies.The only thing that gets through their brains is fear. They disproportionately fear us in relation to our actual intentions and numbers. So if we wish for change we shall grow and exploit that fear through legal/nonviolent shows of force until they are compelled to reckon with our concerns earnestly"
"AsiaCel","Ironically, reddit is populated by losers who are also super liberal. In reality, chads are very misogynist, just like us because they understand the nature of foids. (Horseshoe theory!!)"
"curryceldesi","hes a good guy but idk why be apart of this community when u had gf before its just like those doomers looking for a pitstop"
"My Name Jeff","i had many online normie friends and when they got GFs they stopped playing games and talking to me so go figureTBH it kind of is funny how people can be here for many months and as soon as they get a GF they feel the need to brag despite knowing it will be instant ban. shows how desperate humans are for approval and attention even men"
"Epedaphic","Have also had this happen quite often. After years of this, I think that sadly, this may be for the best. Women often bring chaos and manipulation into online gaming groups."
"My Name Jeff","odds are he got 1 gf acted like slayed then got dumped and is copemaxxing with vgaymes"
"Shrek","You can do that in a 3rd world shithole I doubt anyone cares if you grape an pajeeta in a busy train or in Japan it's fairly common for women to get abused by wrinkly old men unfortunately"
"My Name Jeff","only whores dancing and making tiktok's"
"Puer aeternus","Im trans chad actually, cause beauty is a social construct."
"Corvus","Foids have lower insurance rates because they were born with an extra hole. They lack spatial awareness, liability, responsibility, and are extremely emotional when driving. The combination of their stupidity and entitlement puts everyone at risk on the road. Not a day goes by where one doesnt almost cause a deadly accident. Also, since their acceptance into professional racing, they have killed more professionals than any men combined in history.Thoughts?@Mrugly420@TBIcel@Puppeter@DarkStarDown"
"Acorn","Yeah i mean that's the least we can do, give her such a brutal foid beatdown to the point where she's unable to drive. Atleast that puts others on the road out of danger"
"DarkStarDown","But only foids & faggots can get away with them."
"screwthefbi","Wait foids pay less in insurance?Oh btw is it already 4th of July because this post glows brighter than fireworks"
"Vlarke","Foids can't drive"
"Fifita","Must Foids when driving are on their mobiles or putting make up on and deserve a eye for eye punishment"
"Mango","Women shouldn't be allowed to drive periodWomen drivers:- Will go 15 mph under the limit or be going 30-40 mph over and zigzaging through traffic, never follows the flow of traffic- Will leave their headlights off at night because they don't turn them on or because they think their DRLs are their headlights(they also could be off because they let the bulbs burn out because they're too stupid to replace it, and when all of their headlights are out they'll use their high beams in lieu of their headlights and blind everyone on the road)-Will never maintain their vehicles, will at best get an oil change and an air filter every once in a blue moon-Will also never do recommended maintenance ('I don't need new brake pads and new tires, you're just trying to upsell me!')- Will merge onto the highway going 35mph and will make a right turn onto a busy road and fail to accelerate to the flow of traffic- Will cut through 4-5 lanes of traffic to make their turn/exit because they think turning on their turn signals absolves them of looking at their blindspots or their mirrors and because THEY HAVE TO GET THERE- Will text and drive and let their vehicle wander out of their lane and into yours"
"TBIcel","Why do females drive anyway? To their affirmative action jobs and to fuck Chad. Just ban them from driving as all they do is contribute 50% more to traffic which traffic jams cost the USA 87 Billion.INRIX: Congestion Costs Each American 97 hours, $1,348 A YearINRIX helps cities and businesses use big data to identify and solve transportation problems, making the world safer, happier and greener.inrix.com"
"PsychoCel1","He looks bluepilled he took the 'just dress nice' advice also wearing all black ONLY looks good on a blonde haired Chad"
"Rabbi Schneerson","Black women woudk die for him"
"glowIntheDark","he was an actor in some Netflix shitcom movie and my foid sister and all her friends would swoon over him all day and night"
"Wizardmaxxer","And they're big iq, we need fucking rayguns for killing foids"
"glowIntheDark","i want alien pussy"
"VictimofBpillReaper","Nasty.Average day for chad ig"
"screwthefbi","Chad just leaves his spunk for an incel wagie to clean it for him"
"arthur17","i had amazing results at the 9th day, yea it does amazing job you have more energy and you are in better mood kind of,but for those who think it brings you any foids they are sooo wrong"
"Puer aeternus","You must be a chad! Your utter high iq, your amazinf pfpersonality must make all women lovevyou!!"
"arthur17","women dont even notice me and if they do they are avoiding me i remember once foid entered the bus she could sit next to me because i was near the fucking door from where she entered and this bitch decided to walk a little bit more just to stay away from me"
"copemaxx9002","i dont want friends.. or a gf..."
"Logic55","Women say that you are not entitled to friendship"
"der_komische","I dont want friends. I have some old classmates who feel bad about bullying me go to me sometimes and its always the same shit talking about wageslavery, my fucking car, how my family is doing and my plans for the future and if i get girls and blablablayou can never admit to hating wageslavery, you can never admit to struggling socially, you can never admit to struggling with women etc. its just always the same mundane chit-chat and iam tired of pretending i care about it. Its why I started completely ghosting them. All male friendship really is, is just having aquintances to go to a bar and not look weird for being their alone or whatever other than that its just a mogging competition and normalfags keeping each other in check by always asking about work-related stuff."
"Antifem Lord","I don't want friends people are overrated plus if your incel nobody is truly gonna give a shit about you they will ditch you when some woman or whites come around"
"Antifem Lord","I just want some pussy and drugs"
"MoggedByALoli","Even then, as soon as the possibility for the woman to ascend appears with a genetically superior man, she will immediately ghost you and fuck off with Chad, leaving you in the dust. It's even worse if you were married or had kids."
"THE TRUE DIGLET","Toilets even ditch chad sooner or later, but at least chad can easily move on to another hole."
"MoggedByALoli","Indeed. At least the blue pill makes sense for Chad while the rest of us know it's a complete bullshit cope. You have to be at least six feet with a solid jawline and a head full of hair to make it in this dystopian world. This is why I gave up and am currently rotting in my room. I wish I was at least more intelligent to do more, but at best, I have a slightly above-average IQ."
"Babylon Oh Babalyon","Foids would still find a way to say no. They withhold sex just to hurt us"
"sultryloser","Dr. Incelistein's Chad."
"copemaxx9002","i assume theres tons of fighting over foids group sex and bullying"
"Moloch666","Drugs. Arguing over whores. Alcohol. Fucking. Vomiting. Philosophical nonsense. Sometimes fights. I guess that's it. Well police might show up in some areas. Before I was forced to witness it myself, I asked a normie 2 years ago and he just said people do coke. We think there must be something more to it but no, it's just a horde of degenerates engaging in mindless short term pleasures."
"LifeMaxxer","More guys than girls. Only frat parties have more balanced ratios but if you are here, you most likely aren’t getting invited to those."
"IncelCrocker","Women love status in men so much that men who are not even e-famous, not even 10k followers but above 500 followers on instagram or tiktok, would be enough for them to be interested even if the guys are average looking. This is the power of status.Looks are important, but having status, or better yet, relatively niche or high online status within the most used social media such as tiktok or instagram will guarantee you a chance at pussy however small.So for those of you who are still young 18 or in your early 20s and can lookmaxx and hobby nichemaxx never forget to have an online presence no matter how small. I made that mistake, became an outcast with no social media and friends now that's just shooting yourself in the foot now I have like 10 followers and 6 of them are fucking botsIf you let's say like to draw and paint, upload that shit to tiktok or instagram and share it.And even if you don't plan to be active there, just have it. It always come in handy if an instance of socialization with normalfags takes place.Please, believe me, foids will watch a guy having 900 followers on instagram, and they will hook up with those guys, even if they are a 5, that's good enough for them because what matters is that they perceive these males as important and valuable within the hivemind.You don't need 1 million subscribers for that to happen, you just need some bored female to come upon your channel or profile and take an interest in the content you put out, some of them will become a fan, etc. and some might even chat you up, etc. I've seen that happen enough times but the key is to show at least that you're one of the normal kids, at least one or two pictures of you dressing like your most popular peers and doing the same stuff to communicate to foids that you're normal and approachable.I say this because I don't want some of you making the same mistakes I did. I deleted my facebook back then when I was 16 now I'm almost 30I can't say that I regret it but maybe my story would be a lot different if I didn't become a complete loner and outcast.I'm not saying to put yourself out there either, just to maximize your chances however small they are to have some opportunities with the opposite sex. Social media game is legit after all."
"slashER","I have a video with over 770k views and 219k likes on tik tok for some retarded meme i posted 2 years ago, the account has 8000 followers... Wheres my pussy GrAY?"
"IncelCrocker","we have to social media maxx bro. Once we get 1k followers we start dming foids and from then on is a smooth ride"
"overformypetron","View: https://youtube.com/shorts/NgbU1pm1rKU?si=V9-0Vg91r2wTZ29NIt shatters me, how this women are prostituting for an uncle for bit of money?, we incels never get to experience that unfortunately"
"overformypetron","But some oldcels really having good time with local women."
"NoIdeaWhatToDo","Dumb bitch must've felt so smart the first time in her life making that argument"
"SupremeGentleCel","´What did YOU do, to think that you deserve free sex?´´Basement dwelling incel´´Women don´t owe you anything,loser´"
"copemaxx9002","´What did YOU do, to think that you deserve free sex?´´Basement dwelling incel´´Women don´t owe you anything,loser´View attachment 1148579"
"Logic55","Women arent entitled to shit"
"DeathIsSalvation","What men 'feel entitled' toSex and loveWhat foids feel entitled toThe list goes on"
"Mistake","But if Chad treats her like shit she would be turned on by it"
"Todd Thundercock","If you were the simp that did all this for her, how do you not brutally murder her after reading this?"
"WorthlessSlavicShit","That's a blackpill in itself tbh. Nobody has a problem if you say that male feminists are just predators trying to hide it and get close to women, but if you said the same about 'redpill women', you'd just get called a misogynist 'proving that women can never be good enough for MRAs'. Even if you show them examples of those two groups doing the same shit"
"bcroger","There is no 'JBB' or 'JBW' in western nations. There is only Just be Chad. Chad is of his own race. You can be an indian or sand nigger but as long as you are Chad, foids will want you.I go to a smoothie shop and I see college foids in a conservative town fight to talk to a sand nigger ,a shit skin (not even a white sand nigger, the shitskin one) sand nigger at that. He is good looking, which is why.Even conservative , Trump, women would fuck a nigger if the nigger is good looking enough and the foid is single. Chad goes beyond politics and race. A farm girl in rural Alabama or Utah would fuck a good looking shitskin from Afghanistan or Nigeria if he is Chad. A white hating SJW sheboon would fuck a good looking, redneck, white man. Simply put: the femoid brain is wired for Chad and Chad only.View:View: https://www.youtube.com/watch?v=VK0-yCpDqvk"
"blackpillednigga","by 'volcels' are you reffering to the men? because most ethnic men have no problem settling with their looksmatch if its their only option. otherwise curryland wouldnt be so populated. its the foids that flock to white men that are the problem"
"Azaylias","so that you can stay and continue to chase white foids that don't want you?"
"lazy_gamer_423","women are whores"
"comradespiderman29","They all get off on the fact, that we rot here because, we are sub5. But 'roastie' is the ultimate insult to a foid. Every foid knows she loses value each time she rides a new Chad's dick. That's why the word triggers them so much. this word should go mainstream, it would be based if teenagers called their Becky teachERs 'roastie' instead, of saying some retarded autistic shit like 'what colour is your buggati?'."
"ItsovERfucks","They're aware that the shit between their legs is loose and flappy as a result of all the times they have been raild by Chad, so hearing the word raostie triggers those cunts."
"Balding Subhuman","Classic woman moment, they can only dish but not take any. If you dish back you're a 'misogynist.'"
"Shrek","TOTAL BULLSHIT EVERY WOMAN HAS 0 VALUE AFTER HER FIRST DICK .ONLY SIMPS INFLATE WHORES VALUE WHEN IN FACT WHORE=0"
"MoggedByALoli","Being a voicecel is absolutely brutal. As you said on the internet, no respect is given, especially regarding arguments or disputes of dominance. With everyone insulting you and thinking you're ugly or fat, even if you are actually a Chad. I think your voice still mogs mine, though, if I'm being honest."
"Copexodius Maximus","Virginity isn’t defined by hymen, it’s defined by behaviour. If she has never been with a man, then she’s still a virgin. She should have told her mom right away when it happened instead of being an idiot."
"Emba","I can fix her right up"
"turbosperg","Found the femcel! You're not entitled to bleeding on your wedding night, sweatie.Maybe you should go to thERapy and fix your personality?Have you tried showering more often? Personal hygiene goes a long way.Also, you should ditch the stereotype that all foids bleed on their wedding nights. It's simply not true, and it does you no good reinforcing these bigoted standards, honey."
"Copexodius Maximus","Other women"
"Arabcel99","Besides niggerttes and pajeetas I don't believe there foids out there getting mogged by noodles"
"Jud Pottah","All sorts of jite attacks happening all of a sudden.... Couldnt POSSIBLY BE due to a Lack of pussy... We need a boogeymen!"
"der_komische","women are not safe anymore because of autistic men!"
"Todd Thundercock","Manipulative music, nice try pretending like you won't go back to a Chad that beats your brains in because his facial bones make your pussy wet."
"PsychoCel1","foids make the dumbest decisions."
"entombed","Was the music supposed to make me feel sad for her? JFL"
"The Abyss","Hahaha, dumb bitch. Won't date her own race, muh 'they all look like my brother' bullshit."
"The Abyss","Bonesmash for women."
"Cayden Zhang","Offtopic but I remember one time I saw a guy try to prove asin women dont suck at driving and used a mestiza filipina racecar driver as an example"
"FinnCel","After chads used and abused her, she's willing to give some simp normie a chance"
"UglyDumbass","She was asking what size i picked for my gown and i siad i don’t remmeber but i put that i was 5’6 since i am and she said “what? you aren’t 5’6” and she said “You’re taller then me?”. She’s playing fucking stupid She knows my height is fucking 5’6 and she has said i was taller then her before. She’s a fucking asshole who purposely wants to make me feel like shit"
"The Darkcel","My grandmother used to always ask (pretending to be nice or just stupid asf) if I got taller, when I've been 5'8' since like 8th grade.... I'm 29 and still 5'8' and still look like a skinny prick of a teenager. No one else ever suggested I was tall, which just proves it's her just playing dumb, most people look down (literally and figuratively) at guys like us... we're scum to them. ANyhting under 6' is basically suicide as a male."
"tehgymcel420","Females would prefer that as opposed to being in the general vicinity of an ethnic man."
"currycelfromZA","lmao foids genuinely think every man would tap them, they really need an ego check"
"K1ng N0th1ng","I've had people straight up tell me I have feminine hands fuck my fucking genetics man."
"AshamedVirgin34","How can women be so fucking shallow, to the point of making it impossible for a significant percentage of the male population to get sex specifically for their looks, and not feeling that what they're doing might be fucked up? How can they be so fucking insensitive, so fucking indifferent about our pain? How am I supposed to care about the problems of women if they don't care about my problems as an exchange and if they hate men just for existing?I grew up hearing that shallow men should be ashamed, that all women are beautiful on the inside and blah blah blah, and I thought that women learned to be ashamed of veing shallow whores as well, but then I grew up and realized that women are actually encouraged to be as shallow as their primitive instincts tell them to because that's empowering and because men don't owe them anything, but if I had to grow up hearing that shallow men are trash and they should be ashamed then I will judge women with that same standard.If you are an ugly man, no woman will ever want you, all of them are shallow whores that behave like animals in heat for Chads and Chads only. I don't know where the fuck are those unattractive men with girlfriends I'm supposed to be seeing out there, almost all of them are at the very least more attractive than me, then I must be one of the least attractive men on Earth, it's over.How can women see all the chaos their shallowness is causing and still have the audacity of calling us shallow? Women are the shallow gender and looks and dominance are the most important thing for them. If I was that shallow I would be ashamed of myself. Women are psychopaths. They can have the preferences they want but I can also judge their preferences the same way women have the audacity to judge our preferences all the time."
"Logic55","Dont expect females to have compassion for us, they are shallow pieces of shit"
"screwthefbi","Foids are reason most suicides happen and its their fault and it will also be their fault when a gender war happens"
"AutistCuredGoonPig","We are all just fucking monkeys who want to fuck if you had options like a woman you would be no different. We are required by society to be better cogs if that standard falls it will get bad"
"NotTheElliot","Women are given carte blanche to be shallow and cruel since they are never held accountable or shamed for anything."
"AshamedVirgin34","I hope. The country I live in should be divided in half, all men should be forced to live on one side and all women on the other side."
"screwthefbi","That aint enough, we need to sell foids in markets after gender war"
"tehgymcel420","I always eat rotten fesikh at this event and get sick, this is what no pussy does to a mf."
"Lv99_BixNood","UP girl raped, face branded with iron rod after rejecting marriage proposalA UP woman was allegedly branded with a hot iron rod on her face by the accused, Aman, after she rejected his marriage proposal.www.indiatoday.in"
"Dr. Autismo","I respect how the turd world treats their foids, whites should do the same."
"Nograsscel","Don't like, there's plenty of other women (like those who wear shorts or crop tops) that really deserve a beating."
"Nograsscel","It's happening, but it's the niggers that are doing it to white foids. They're absolutely ruthless."
"comradespiderman29","When a pajeet even breathes in Canada, even the most liberal Canadians and subreddits will mock them. Meanwhile, Niggers attack foids randomly because, they're low IQ apes and nobody says a word.@wereq@ItsovERfucks"
"Copexodius Maximus","Non-incel women telling incels what they are, rather than incels getting to define themselves. Sounds like she’s denying our right to define ourselves (since we made the term) and exist in our own expressed way, which is one step away from genocide.And yes, a female made the word but it is used how she meant it to be used."
"My Name Jeff","this foids place is preparing microwave meals in a kitchen at home and watching the news on TV. talk about literally retarded"
"Vodka1933","Women are retarded"
"ItsovERfucks","All violent crimes against women are committed by sex haver men, yet they continue to blame us because we post some shit on a forum."
"Autistic Uggo","It's funny because they would go apeshit if you tried to stereotype blacks, Muslims or Jews like that. Sexually active men are far more likely to harm women than incels are. The vast majority of incels are nonviolent."
"Copexodius Maximus","She never said it was a result of personality either. So women who deny her definition are silencing other women, which is close to rape."
"Antorian","Most foids are incapable of logical reasoning, they are purely emotional creatures"
"HomicidalSuicidal88","Women to bring logic to this topic she makes herself look retarded"
"Hispanicel","Total women beating"
"Airwaver","No point arguing that, she mentioned somebody explaining that to her and she just dismisses that. They don't want to change their mind."
"Tacomonkey","Sub 5 explaining something to a woman (woman cannot be wrong)"
"turbosperg","Normies talk about incel murderers all the time.But what about the sexhaver murderers?And the foids who offer themselves to serial killers?And the queue for conjugal visits in each jail?And the love letters for mass murderers?Being an incel is, if anything, a predictor for lowered rates of violent behavior.The normie fears us because we harbour the harbingers of the MARXIST-RODGERIST REVOLUTION, and this is why normies are startled whenever one of us says anything as trivial as 'normies deserve to get shot (with videocamERa)' they immediately jump to extreme paranoid delusions of violent behavior but yet they keep shooting themselves (with videocamera) every day.The spectre of I.N.C.E.L. sexual-communism is indeed haunting the normies. And it will continue to haunt until the day we SEIZE THE MEANS OF REPRODUCTION.And that's a good thing."
"Logic55","Women are spoiled brats, they don't understand what it's like to experience real struggles"
"Fifita","Foids no matter size live on easy street"
"TiredofTalking","Women aren’t interested in work. Women aren’t interested in logic. Women don’t care about science.Women joined workforce so they wouldn’t have to be supported by uglies. Water is wet.But thaTs why female employees hate talking to male coworkers who aren’t chad or customers. They joined the workforce to be Chad only. They think they are showing how superior they are to less than chads that they deserve only chads. That’s why they try to compete. And they believe they shouldn’t have to interact with the lessers.In response, I believe everything that supports women as something other than sexual objects is a disgrace."
"Logic55","The bottom line is that women want to independent from sub5 men. They will do anything to avoid incel-like men"
"Copexodius Maximus","Exactly, they don’t want to be trapped with a subhuman or normie. Getting to fuck chad every now and again is better than settling with an average guy. Then she changes tune in her 30s and gets a beta buck cuck, while still cucking him for Chad."
"TiredofTalking","Betabux has as many restrictions as she can think of. For her” comfort “"
"SmhChan","Independent-foid always meant financially-independent foids. Even when I was 13-14, It was easy to connect the dots. Foids reject men 99% of the time and they cannot stop harping on about being independent."
"AutistCuredGoonPig","With each meme job woman get while doing the bare minimum will lead the average man closer into isolation and depression “ I don’t need a man”"
"gymcellragefuel","THE MORE WOMEN GET JOBS IN THIS SHIT WORLD THE FASTER THE WORLD IS GOING TO COLLAPSE. THE END IS NEAR"
"JuliusEvola","I went to my highschool prom last year (just to go as a senior) and I spent the whole time sitting on the side browsing /pol/ as I watched chad and stacy eye fuck on the dance floor."
"TiredofTalking","Women are doing so well in the modern world in regards to their agendas. The internet allowed them to all communicate with each other how well they are doing socio economically.Women are allowed all the virtues of society for free.Their healthcare is more important than anything. They never starve. They can buy everything they want.And they walk the streets every minute of the day, without any fear. And they still bitch…"
"Epedaphic","roommates where the girl takes half the guy’s stuff if one of them moves out"
"Overman","I remember my Chad friend told me when he was in the marines he went to a brothel while stationed out there, he fucked one of the girls and she said 'you're exactly what most of these girls here dream of' lol, but still had to pay tho kek literally over if 6'1' ripped 8/10 marine chad has to pay for noodlewhores in their own habitat"
"solblue","This is an insane blackpill. If we can get this study, it needs to go into the Must Read section. Their society will collapse, considering things just keep accelerating. Retarded westerners will see this and laugh at Japan not realizing the same will befall us. When we get to this stage, I just don't see how men in less subservient societies put up with this. The gap between male and female virgins in their 20s is astounding and a complete reverse of what itshouldbe. I'm truly flummoxed. Incels in denial and soyboys will just claim it's too much work, or not enough housing, or some other BS all while feminism continues to destroy civilization. This is arguably the worst time to be a man. I remember people used to cope and say 'This is the safest time to live' and that's not even true anymore, the world is experiencing the most conflicts since WW2, and things are about to get worse.I found a similar study, just a straight survey with no ideology massaging. Turns out these kinds of results are reproducible...https://www.tandfonline.com/doi/full/10.1080/00224499.2023.2178614"
"To koniec","Like many said before...foids are getting more masculine while men are getting feminizedthis result in only one solution - TROONSjooking aside what do you think future indictations do you has for humanity or at least western countries genepool by this ?"
"DarkStarDown","This article just proves it more, especially with the rise of foids in 'positions of power' in politics, business, etc."
"Confessor","Damn so many foids in position of power. No wonder America is going down the shitter. I would say don't worry about it. Foids are notoriously bad leaders and even worse workers. Foids think screaming incoherently and loudly is leadership. They can never inspire men or make them motivated. A typical foid leader will just make empty threats, shout or throw a tantrum around those she is supposed to lead. Me personally have never taken female leadership of any sort seriously. They also make their simps and whiteknights do most of their work as workers. Literally a burden on economy and society."
"K1ng N0th1ng","Interesting. This only serves as proof for the age-old belief that women are unfit to be leaders, it literally goes against their biology. It's only natural that most great civilizations were patriarchies."
"Grim_Reaper","Surprised there's a significant increase in T-levels in the foids in power despite the fact that they had to suck off their superiors in order to get to those positions in power in the first place, or maybe the study didn't consider that fact."
"Cayden Zhang","Like many said before...foids are getting more masculine while men are getting feminizedthis result in only one solution - TROONSjooking aside what do you think future indictations do you has for humanity or at least western countries genepool by this"
"AsiaCel","We've seen what happen a lot when foids are given a boost in testerorones. Just look at all those tranny school shooters!Women getting a lot of T, and men getting a lot of estrogen both are bad because sex is biological and doing so is just mismatch a freak of nature and violation of the natural law."
"psyop","I find a few each week but i normally just let them be unless ones too close to me then I’ll brush it off with my hand. I don’t get when foids scream and make such a big deal about them. There’s much worse insects like mosquitoes, flies, bees, bedbugs, fleas etc."
"SupremeGentleCel","They call people like me ´terminally online creeps´....But they themselves are on life support when the WIFI router shuts down ,and women put their lives in danger to save their stupid Iphones to make tiktok video´s.So who´s more addicted to the internet?"
"Mango","I was always among the shortest, if not the shortest amongst my classmates for my entire school career. Being short as a kid didn't concern me too much because I always thought I was going to grow big like everyone else. This really never bothered me until my mid-teens, when I noticed that everyone was shooting up in height while I remained shorter than everyone else.At the end of 12th grade, when I was about 17-18, we had a class reunion at my old elementary school. All of the guys there were taller than me and so were most of the girls. The second shortest guy there was probably about 5'7 and he was one of the very few guys that I was taller than back in elementary school. The reunion took place during the school day and we had to do a ceremony where we had to run through the hallways and high five all of the kids outside their classrooms as we ran past. Some of the kids looked at me funny as they probably didn't believe I was a high schooler."
"GaelicTruecel","I hit puberty early, I reached my adult height of 5'6 by aged 11 and I never grew since. I towered over my peers until around aged 15. Being tall for those few years didn't get me any female attention though as I didn't have handsome face."
"dtrazr","43% of boys are raised by single mothers78% of teachers are femalesSo almost 50% of boys have 100% feminine influence at home and 80% at schoolThe problem is lack of Masculinity."
"dtrazr","In other words, women are causing the destruction of the human race..."
"Grim_Reaper","One time on the subway, there was a nigger on drugs somewhat chimping out, and the cumfag standing beside me was texting his gf/wife that there's a weird guy on the subway and he hopes he makes it out. That fag didn't even refer to the nigger's race. He actually saw that fucking homo erectus as a human being. If it were a curry instead, he would've instead said 'Those disgusting filthy pooniggers are causing trouble again. I really wish we can genocide those shit-colored rats'."
"screwthefbi","Your browser is not able to display this video.Total lifefuel when these pieces of human trash call Joey 'sexist' for calling foids out on their shit"
"screwthefbi","This is why Joey is based he mostly goes after foids"
"ItsovERfucks","You try living with it, going your entire life alone without it, never experiencing the warm touch of a beautiful female, never knowing what it's really like to be intimate, kiss a woman, and feel her soft lips. Having everyone regard you as nothing more than a filthy beast due of your appearance.Missing out on the best years of your life because no one wants to be with you. Your only delight is playing video games, eating junk food, and jacking off. Going to bed every night, dreading the following day, and wishing you didn't have to wake up.Most men on the earth will grow older and crave for company. While some may be able to function without it, this is not true for the majority. When you're on your own, life can be quite awful. Humans are social beings, therefore what other people think is important. It's not as straightforward as 'find other things that make you happy.'"
"Corvus","When a foid says that maybe we should sew her hole shut then see if “theres more to life than sex”"
"screwthefbi","Chad skipped leg day"
"screwthefbi","And foids arent owed safety (via save them from a mugger)"
"Serpents reign","After digesting the black pill it destressed me even though it was a painful pill to digest it distressed me when I realized it's not my fault I'm a adult male virgin it's not my fault that women do not find me attractive there's nothing I can do I have this handicap because of my height and appearance and it never was anything I could do other than take care of my health lift weights and read more books Maybe everything else was just a waste of my time which is time I will never get back it's all the shame of being a virgin that I will never get back but at least I can enjoy the rest of my life even though I'm in my thirties"
"Chudpreet","Depends on whether or not Icanstand up for myself, lol. If the other person clearly looks like they could knock me tf out, or if it’s a foid with an army of simps who’d descend upon me like locusts, I’ll do the smart thing and avoid conflict"
"Pancakecel","I've done lots of shit in public, not enough to give me legal trouble, but I have got into altercations with normfags, shoulder barged foids etc."
"My Name Jeff","I will list scientific points to prove Jesus Christ was actually black.1. Mother having birth 'without sex'Take a look at her. sorry to say, it's obvious she BURNS THE COAL, and she may have been the first to pay the toll and get knocked up by a nigger whilst married.2. The(real)FatherHow did Mary find a black guy to fuck? Quite simple. During Jesus' birth, three wise men mysteriously show up. How did they know?'King Balthazar, in traditional pictorial representations from the Late Middle Ages, is often represented as a black person(as an integrating or cosmopolitan graphic symbol, in the tradition that the 'wise men' or 'magi' who worshipped Jesus in Bethlehem represented the peoples of the whole world)'Mary burned coal with one of the wise men who happened to be black. After ditching his soon to be child, he felt guilt and returned with his friends to offer gifts as hush money to save his reputation and make amends with Mary.3. The beta provider who covered it all up.Jesus' 'dad' Joseph, a carpenter, a provider for Mary, a beta. He did not have sex with his wife, but she somehow got pregnant. Despite him being a beta, he still knew what was up. This is why Joseph was absent for most of the bible as he knew Jesus was not his real son.Why would he do this? Simple, to save his reputation. Back then communities were tight knit and being known as the guy whose wife got knocked up by a wise man nigger is life ending. Having the story be your wife got knocked up by an omnipotent godly being is far more glamorous.4. What JESUS actually looked like"
"Whitefeminineboy","why should they lie? everyone said that jesus look greek. maybe is mother fucked a greek/ roman chad."
"Lucifer157","He was a sandnigger. His real dad was probably some Roman legionary chad that pumped and dumped a jewish whore."
"My Name Jeff","white women never change with their antics"
"GØD","My Son, I see satan has seeped into the crevices of your soul and is unleashing his unholy sacrilege upon your impressionable being.I am not black. Actually, I am no color. I created color, and when I sent my son Jesus to Earth I sent him in the shade reminiscent of maple syrup porridge, not of coal.To address your points I shall say the following;1. Mother Mary was a pious maiden, though lay in her bed each night moaning and touching herself in an unholy manner. Her mind was filled with degenerate thoughts. One night Satan himself answered her moans and ejaculated hells spawn into her mouth, cucking me in the most indignant manner. Therefore, I sent my holy son through IVF (created in GØD’s very own lab) through the cosmos and up her hymen intact vagine (cucking Satan). There, she because pregnant and suffered the most intense pregnancy sickness as a punishment for her sinful thoughts and disgusting acts with Satan. My Son Jesus could also kick like a mother f.2. The three wise men were fellow brocels of mine. They were spiritually connected and had a direct line to me. They’d jump on the spirit line like you guys jump on jewcord. I told them exactly where to go, and threw a drone (aka star) in the sky for them to follow so they could follow it. My brocels, the wise men, because they kept Mary in check. The silly foid had no idea how to give birth or look after my Son so the wise men gave her three stern warnings/pieces of advice.3. Joseph was gay. Sorry to tell you my Son, but Mary just didn’t do it for him. It’s why I had to send my wise men in to set some ground rules. He was absent because he was off being a twink.My Son was born into a difficult situation, but all I needed was an intact vagine to breed my ivf white Prophet."
"Lonelyus","I hate these ranking of users because i know were all just lowlifes at the bottom of the barrel anyway, Why have a hierarchy here when were all at the bottom anyway, No pussy, No status."
"Lonelyus","Thats cringe because were all stuck here and pussyless except for the fakecels escortcels who have tasted pussy and knows how it feels like, Once dick in pussy = Ascended, I just put those guys on ignore, I cant relate to them and i feel they dont belong here with their sexual expirience."
"MoggedByALoli","I agree to an extent, but the black pill and even inkwelldom are more than just getting no pussy; it's about getting no lasting relationships with women who care about you for who you are. Still, at least some people managed to get some action before they kicked the bucket. Better than some, perhaps even most."
"Lonelyus","Dick in pussy = Ascended, She still willingly spread her legs for him."
"MoggedByALoli","Willing because of money, or one of his Chad friends/siblings asked her to do it as a favor. It's not the same as genuine love or attraction."
"screwthefbi","I am working a 3-12 today and oh boy I spent more time on this forum than I did actually working. Being on the bathroom shitting while leaving foids waiting outside needing to piss or shit desperately is fun af while stalling on this forum."
"yeetbender_","If indian immigrants perform acid attacks on her, then I will start supporting indian immigrants."
"Riinku","Guess what, you're not entitled to child support from that donor, sweetie. You decided to have a child through a sperm donor because you know you're a strong and independent woman who doesn't need men. Why not work on it yourself then? And if you feel all of this is unfair, just woman up, grow up, and stop being an entitled womanchild.Accountability is 404 page not found in their brains."
"Friezacel","Brootal, she has a more masculine face than i do"
"XDFLAMEBOY","Lesbian foids are our enemies good pay back for her."
"FreddyKruegercel","Stupid fucking dyke. Even if they wanted subhuman sperm don't evER donate sperm for quick change. These greedy whores will always attempt to bleed men for child support even when they did it to themselves!"
"kaan","Whys her mouth move so fucked up when she talks."
"AsiaCel","My race. But they go hand in hand. Lots of race mixing happens because losers had to branch out of their races.Solve inceldom, and you basically solve majority of the racial problems.For example, black men > white women led to white men > noodlewhores led to asian men > sheboons"
"RegularManlet","@lifeisfucked215@Abacaxi14What race are you guys out of curiosity, you are the only 2 that voted for your raceI dont feel a strong loyalty to fellow incels, but they are less likely to step over me for pussy than random white normies would be obviously so I would feel more loyalty to fellow cels, obviously some would be turncoats but you are more likely to find some good people here I feel like due to shared experience"
"cvh1991","My race are self hating cucks and sellouts and our women virtue signal out group presence aggressively so I wouldn’t say I have much respect for “my people” at this point. They’re a bunch of mentally weak and intellectually dishonest faggots by and large. Whites have other strong points if we want to get into the weeds, but I definitely relate more to ugly low status men in general at this point. I know several extremely hard working Mexicans with cruel lives and I play table top games with some genius tier Asiancels and we get along pretty good by and large."
"BlackCel_from_ZA","I will rape your sisters, kill your women and burn your godforsaken country. I hate coomskins more than I hate toilets, you fags are the ones who 'empower waman, and now enabled feminism' and now I have to suffer. I can't beat my women anymore, they fucking have choices because of you fags."
"Squatting Slavcel","Blame jews for feminism, not us. If you don't like it, just go to apefrica and rape women."
"Subhuman Niceguy","“Had to rot in loneliness” - because, foids are too busy having sex with dogs."
"sinclair_silence","How did I get here, I did everything right, I was a good kid, a good student, and now I'm here wasting time on this site. Very rarely, do I find anyone here I can actually have an intellectually-stimulating conversation with. It's always 'muh foids' this and 'muh jews' that. If I had more of a life I wouldn't be here. But I am a studycel with no social prospects. My one close friend is also studymaxx. I talk to my parents on the phone like a loser."
"BasedAdam","Real. For me i tried to find a skill that has monetary value. And then moneymaxx. Also hit the gym for those big biceps nothing nicer than havinga big chest and biceps. I suck at relationships and no woman will ever find me attractive but i will have a Ferrari and a penthouse hopefully so its alright."
"gael28","being a good student won't do shit jfl my younger coworkers are all low iq ntfags and they get pussy weekly or have a gf"
"Antifem Lord","Jfl u think being 'good' is gonna get you foids you clearly are not black pilled"
"sinclair_silence","It's always the low-IQ brutes who get the most sex. Humans are just glorified apes. Even if you don't believe humans evolved from apes, we can still see animalistic brutishness favored in female sexual preferences."
"sinclair_silence","I am not Asian, I'm a bizarre breed of ethnicities far too specific to share here. However there are certain aspects of my personality and lifestyle that are very 'Asian' and I find myself drawn to Asian women for dating (if I could date, that is)."
"sinclair_silence","Indeed we think we are advancing as a society but we are in fact regressing. Because we do not care about the issues of men anymore, as a collective society. This is unsustainable. Something will have to give eventually. It would be amazing to go to a less-advanced place like Central Asia, settle down with a nice Kyrgyz girl and breed her in our yurt on the steppe"
"Cayden Zhang","Internet is everywhere girls everywhere have higher standards for looks now without arranged marriage and family power"
"sinclair_silence","I've heard about the custom of bride-kidnapping in Kyrgyzstan, but that's only a tradition isn't it? You can't actually just take a girl right?"
"sinclair_silence","We need to look into Central Asia-maxxing. SEA-maxxing is problematic because a lot of the girls in places like Thailand or Philippines are major hoes. Central Asia girls like Kyrgyz or Kazakh are very beautiful and have more self-worth, at least in the countryside. Maybe in the big cities they hoe just as much? I don't know, I need to learn more about the region."
"La Grande Infamie","If I ever end up self-improoving, it's not gonna be for foids. Who the actual fuck lifts for foid attention nowadays? The gajillions of broads slobbering all over skinny emos shows that your muscularity doesn't mean shit."
"overformypetron","View: https://www.instagram.com/reel/C6Gb_j7xSlh/?igsh=MWtqZnB0aHdzbXU2Yw==Female hypergamy at it's peak, even men who are 1 or 2 points above in lookslevel gets rejected. Over for us.View: https://i.imgur.com/i65f56M.jpeg"
"overformypetron","Mmmh whatever..., brutal knowing that female have much power in dating marketplace"
"screwthefbi","Foids are so fucking spoiled"
"DeathIsSalvation","Are you saying chad is now being rejected because he is too ugly?"
"Logic55","In Hispanic cultures, it is common for men to praise women. I have never met a hispanic misogynist. It seems like I'm the only Hispanic guy that hates women. Hispanic men like to throw huge parties for girls when they reach age 15. I'm going to be honest, as a Hispanic myself, I have to admit that men of my own race are foid worshippers. If you disrespect women, hispanic men will get pissed off and harshly condemn you. Respecting females is the norm in Hispanic culture. To be fair, there are some Hispanic incels on this forum, but they are very tiny minority.@XDFLAMEBOY, I salute you. I admire you for accepting the blackpill even though it is not normal for our people to know about it or even understand us"
"Ci Jey","All your women take BBC"
"yung loner","They also make a lot of foid worshipping music that inflates the foids ego"
"Copexodius Maximus","They get pussy, so it doesn’t matter tbh."
"XDFLAMEBOY","A lot of women a of different races like black men now"
"XDFLAMEBOY","if Latina foids become like Asian foids, on wanting white men and taller then them due to westernized influence. Then more Latinos while be aware of it. I hope black pill will go mainstream, since the red pill already went mainstream awhile ago. Those Red pilers really believe in self-improving in order to get a gf however we know it's not true and won't work like some of us"
"Cybersex is our hope","Just proves masculine men are actual cucks for foids"
"sinclair_silence","We often find discussions, here and elsewhere, about the idea of SEA-maxxing. But what if we need to look further inland? There are a lot of problems with SEA-maxxing. Thailand and Philippines are teeming with whores. Pattaya, for example, is essentially one big STD. Very few girls you will meet in SEA are interested in anything long-term. They may say this, but they only want you for the green-card (if you're from the West).So turning our eyes from the sea, we come to the steppe. Picture this: you've settled on the open plains of Kazakhstan. You're breeding your beautiful virgin Kazakh bride in your yurtSoon you will have children. Your sheep-herd has prospered. You're living your best life. Your wife fills you with her cooking, and you fill her with your seedEvery need is met. A simple life, but an undeniably good one.We need to start looking into this. Certainly, this comes with its own difficulties. Central Asia is a lot more closed-off to the world than SEA, which expects foreigners for tourism and has many expats. CA is more mysterious, but if you can learn one of the Turkic languages and integrate yourself into the culture, perhaps there is hope to ascend and get set for life. (Russian language might also suffice, CA nations have a long history with the Soviets and Russian is somewhat of the lingua franca of the region.)"
"Copexodius Maximus","You need to convert to Islam, and I heard they are protective of their women."
"Copexodius Maximus","The same can be said about Judaism and Christianity. Jesus called the goyim dogs just like the Talmud does. Religion is all bullshit, but I would definitely larp to get a woman."
"NorthernWind","To succeed in these countries one needs to be more masculine than in the SEA simply because Central Asian men are more masculine on average than SEA males."
"sinclair_silence","Did you post the wrong video brocel? I didn't see any phone, and this girl does NOT appear Muslim to me in any way"
"blackpillednigga","daily reminder that noodlewhores are race traitors that only go for white men and they create ERs. they hate their countrymen and only settle for whichever race 'wins', in this current case its white men. im not even rice and i feel bad for all the ricemen and ugly ethnic men that were mocked by noodlewhores. anyway:Kill noodlewhores. Behead noodlewhores. Roundhouse kick a noodlewhore into the concrete. Slam dunk a noodlewhore's hapa baby into the trashcan. Crucify filthy yellow whores. Defecate in a noodlewhore's food. Launch noodlewhores into the sun. Stir fry noodlewhores in a wok. Toss noodlewhores into active volcanoes. Urinate into a noodlewhore's gas tank. Judo throw noodlewhores into a wood chipper. Twist noodlewhores’s heads off. Report noodlewhores to the IRS. Karate chop noodlewhores in half. Curb stomp pregnant yellow noodlewhores. Trap noodlewhores in quicksand. Crush noodlewhores in the trash compactor. Liquefy noodlewhores in a vat of acid. Eat noodlewhores. Dissect noodlewhores. Exterminate noodlewhores in the gas chamber. Stomp noodlewhore skulls with steel toed boots. Cremate noodlewhores in the oven. Lobotomize noodlewhores. Mandatory abortions for noodlewhores. Grind noodlewhores’ fetuses in the garbage disposal. Drown noodlewhores in fried chicken grease. Vaporize noodlewhores with a ray gun. Kick old noodlewhores down the stairs. Feed noodlewhores to alligators. Slice noodlewhores with a katana."
"Linesnap99","the face she makes when a subhuman tried to ask her out"
"wereq","Women: *living their lives not bothering anyone*But they do bother us and provoke us with their animalistic displays of their sexuality. A woman cannot survive independently without bothering and engaging with anyone. Only men can aspire for independence and live apart from society. Women's survival on the other hand in contingent on her ability to attract male attention because of their innate incompetence in building and fixing things."
"PsychoCel1","Since women aren't serious about anything I turn to porn to ease my loneliness little did i know it was a bad idea and Now I'm a Addict (thanks alot foids)"
"berserkerz","Yesterday I was very drunk, and even in that inadequate, devoid of intelligence state, I was only thinking about the black pill, it tormented me even then, but it didn’t hurt, only when I’m drunk it doesn’t hurt, and I clearly remember my dream, I am being kissed by a beautiful, faithful and sweet girl, I probably deserve this only in my dreams"
"kay'","Ive been lurking on women subs for a while now. And honestly the contrast in difficulty of lives is tragic.in order to be a failure of a woman you have to be:Extremely ugly close to deformed.Fat or obese but you call yourself plus size.Myriad of mental illnesses.Retarded but you rather call yourself shy and always have a resting bitch face.Cant style your hair or clothes or do makeup to look like a passable person.Dont put out, never give a guy any signal or let him touch you no matter how many dates or how good he treats you.Reject a guy because you got nervous then never tell him u regretted it.Delusional and annoying whore with random spiritual bullshit like tarot, signs and witch stuff.takes you forever to reply to a dm then wonder why you get ghosted.Meanwhile man has three fates that seals the deal:Height: if you are under 5'7 might aswell never try to date and just go on with life like that silent hill character then die in a ditch.Face: if you have height then this deal breaker can be overcome since all women are programmed to like ogres.Money: if you dont have height nor face both these deal breakers can be overcome if you are rich. The natural state of woman is to seek a provider aka being a golddigger.I dont have any of the three, not only that but i am severely injured/disabled too."
"Acorn","You just cannot fail as a woman it just can't happen"
"kay'","Thats why if you fail as a woman its like advanced failure."
"Audley Porter","They just don't want to have sex. Many female celibates are still successful, it is becoming a trend for women to focus on their careers and personal aspirations instead of romance."
"RegularManlet","Yeah I know, my sister is a 'femcel' that complains about not having many friends of a boyfriend and she does most of what you say on the listThe list could be endless but an important one you missed was that they have very high standards like my sister, I have seen her laugh at curries on tinder"
"faded","You goddamn faggot I’d be fuckijg her tight pussy every night whether that slut like or or not!"
"RegularManlet","It's not tight, I found her condoms one time they say they are for extra large or loose fit pussy"
"faded","Still I would be fucking her pussy better looose pussy than no pussy"
"RegularManlet","Nah she is overweight, she could be hot but she is diseased, cant poop properly, doesnt get her period due to lack of estrogen, I could go on, she is also a bitch"
"FinnCel","Female VOLCELS"
"MadCel9","I don't think femcels exist. To me, so-called femcels are just women who are too picky and have unreasonably high standards no man can meet.All a woman needs to do is to create a social media or a dating app profile, and there will be hundreds of thousands of simps in her DMs within the first 24 hours.If a woman is a femcels, it's her choice. A woman being celibate is never involuntarily. Celibacy is a forced position in men and it's a choice in women.Incels (incel men) exist. Incels are victims of society and its degenerative trends.Femcels don't exist. There are simps even for the ugliest woman in the word, which has been absolutely proven by literally every single social experiment in the real world and on dating apps."
"Abacaxi14","Water.In order to be a femcel the woman has to be really, really ugly or completely retarded."
"Copexodius Maximus","Not putting out is a good thing, as they will just get used by Chad. They should never give out, ever."
"SupremeGentleCel","Women of at least a 3/10 faciallyCANTbe femcel"
"NotTheElliot","Any woman can get laid if they put in 10% of the effort we did.If they follow this complicated script, 'I have a vagina, I weigh less than a farm animal and my STD sores aren't currently leaking fluid', then they can get laid."
"turbosperg","all foids say the same 'men are shit' trope yet they all bang their bosses, landlords, building superintendents, uber drivers, janitors etc. on the daily."
"Puer aeternus","Lol. Those are all truecels, they only bang them if they're poor. They go into a club, drink their ass off, fuck chad. Then gets dumped."
"damascus","yeah no retard juggernaut law simply prevents a woman from being 'femcel'there is literally dick insurance for all women no matter the looks because there will always be some retard horny enough."
"Vlarke","I want to clap a femcels fatass while calling her mysoginistic slurs"
"Ricordanza",">trend>posts one woman"
"wereq","There are many other women dressed like this."
"Lookslikeit","Like, you could put naked alexandra daddario in my bed (or wtvtf is on your mind) and i would tell her to fuck off? Without any hint of irony?That was exaggerating, but after i jerk off for the third time in the day, i get the glimpse of what i just said.Its liberating but it gets boring after a while, this momentary asexual feeling.Im getting to the point of anhedonia, tbh. Even jerking off has lost excitement, like its just a chore i do to avoid feeling horny for the rest of the day.Im pretty sure its not just an incel thing. Even chad probably gets bored of the hedonist debauchery treadmill he lives in everyday.The thing i liked to do the most was imagining myself being an old school driver (in formula 1 or group b rally) or a 60s football (soccer for muricans) player. Ofc, in a chaddified version of myself...But it gets tiresome in wonderland too.Getting back to original point, i dont get how some jerk off 20 times a day. My dick literally fumed (sometimes) when i did it for the 4 or 5 time in the day, how can you even get it up after the 9th or 10th?Are you a pig or something? (The animal, i mean)?"
"AutistCuredGoonPig","Even when shoot the biggest loads I will still look at woman like 90% of the time"
"Todd Thundercock","Yes. My libido has been dead for 260 days now, and women are just annoyances to me."
"Kamanbert","Idk sometimes after fapping or even long ass goon seshes i get emotional and think about cuddling with some foid. For some reason my stupid brain creates a foid that's love and touch starved (doesn't exists) and enjoys me tenderly hugging her, kissing her on the forehead.."
"Puer aeternus","White women need to be able to fuck anything! That includes incest with mommy, fucking children in school, fucking dogs, horses, lizards, getting a meat penis and being a manlet male!"
"Friezacel","Another proof that women would rather share one Chad/Tyrone than have a sub7 secure"
"Jason Voorhees","Yes that bald fat shitskin is definitely a chad"
"Lookslikeit","Think of anything a foid does that a man cant do 10x times better, that doesnt involve sex, i'll wait...Do you remember that desert island survival show where the man team OBLITERATED the woman's team (who apparently thought, in their sheltered ways and peanut brains that surviving would be just like tea time with extra steps??)And we STILL have to hear these bitches whining about their supposed superiority over us. Which is honestly, at this point, an inferiority complex masquarading as the inverse.Tbf, i think all the hatred of woman against man stems from the fact that they instinctevely know that:1. They are, in ALL WAYS but a few, ABSOLUTELY INFERIOR to us. Thats right.2. They wouldnt be able to live without us. We would figure it out how to live without them easily. Until our eventual demise, that is.3. They wouldnt be able to live a DAY in our shoes.Thats for the most smart ones, the really ignorant ones arent able to get this last one."
"Lookslikeit","And then, a cuck would show up and say: 'but woman multi task better, you incel'"
"DeathIsSalvation","View: https://youtu.be/cNApPTtUKoQ?si=YoLjzj9A9waxt1fUI mean, look at this video. It was so freaking based, then he got to the cucked conclusion.Women are just breeding factories, whats so difficult to get? They didnt seem to mind it for MILLIONS OF YEARS.Now, after the enlighment cucks arrived with their cucked ideas and ideologies, they want a seat at OUR table?! That WE BUILT?! FUCK OFF..."
"Lookslikeit","Have you noticed how a foid is always leeching off of a man (or a group of men)? Not just economically. Spiritually, socially, it seems like a common thread of these bitches, like an existencial dillemma. They are always something in relation to how men perceive them, and thats about it.I think the modern dating market in itself is part of this process of bitchifiing.Men becoming more and more like women everyday just to appease their fragile egos and ever more dry pussies..."
"SmhChan","I'd sell my soul to witness the slow and torturous deaths of all foids, especially all those cock-sucking-corporate-ladder-climbing, divorce-maxxing, family-destroying, baby-killing, christmaxxing-to-perpetuate-dead-bedrooms whores. Coming to GTA 6 soon."
"SmhChan","Yes. I'd go further and say there's not anything strictly masculine and feminine. History has countless coward, back-stabbing, and manipulative men. Men used to have healthy friendships with each other. A reminiscence of which could be seen in some 'conservative' countries. That friendship in the west would be considered gay."
"SmhChan","Everybody multi-tasks. Acting as if errand-boys, who did odd-jobs, and janitors never existed. Anybody who does anything technical has to switch between multiple contexts, solving different problems. It's the hubris of foid-worshipping fucks and feminists to arbitrarily define what 'multi-tasking' is. It has elevated the status of motherhood and built up this narrative foids are complex and men are simple and 'problem-solving' creatures to manipulate us even further."
"Ventingblackpiller","There are women that iq mog the avarage normies men"
"Narcicel's Oneitis","This mainly matters to tradcucks and redpilled men. It doesn't rlly matter in the grand scheme of things. Better to be a feminine chad than a masculine incel."
"Norville Wood","Women would last about 2 weeks without men"
"Acorn","Every woman has a rape kink, doesn't matter if they admit it or not but they all love the feeling of being completely overpowered by a man"
"Grim_Reaper","She was terrified of the curry planning to rape her."
"benzocel","chad is chad"
"Fardin Khan","Shahrukh Khan is Chad?"
"Linesnap99","jbcc just be curry chad"
"Fardin Khan","In which sense shahrukh khan in chad?"
"Mistake","I tried so many different face washing products and they all either did nothing, or made my acne worse. It is mostly/all genetic, chad could go a whole year without showering and still have clear skin"
"RegularManlet","I presume you are yellow messages?I dont get what this is meant to show, why should she care for a random stranger making comments about her appearance"
"RegularManlet","To be completely honest with you I get the point you are making but frankly this example is completely retarded, no one is going to care about this, this isnt really about foids not caring about sub 5's"
"braindmgedsleepycel","A few years ago I was being tutored by a family friend. She was maybe 28 and a single mother. We were remodeling the house and redoing the basement so my dad mentioned she should go see the basement. After we were done with the tutoring session I showed her the basement. It wasnt finished but she wanted to see my room so I said okIn my room, on the floor, was my AK-47 I liked to use for target shooting. I had been cleaning it the night before and just left it there in the gun cleaning bench like this.On my wall, was a canvas piece of artwork by a Ukrainian individual featuring a broken sonnenrad.She asked about it and I said it was a symbol used in various slavic/germanic cultures and tied back to ancient greece with worship of certain godsI also had a bunch of WW2 era coins, some nazi, some soviet. I also had a small piece of Wewelsburg Castle (SS headquarters) in a pendant hung by the canvas.Well, I didn't know she was a police officer in training. Oops. She reported me to the police department and reported me for having tons of nazi flags in my room and a gun out and worried I was going to do something bad.The police came to my house while I was sleeping and talked to my dad. They said they didn't care. LOLThe worst thing I might have ever done with the gun was shoot myself if I ever really thought it was over, but my dad still took it away and I haven't seen it since.I'm now over my nazilarp phase I guess but I miss my target shooting hobby"
"Linesnap99","yeah lie to that cunt and get back you gun"
"XtremeMax","I don't see the point in trying anymore. I've tried for years to make genuine friends and find a gf. There really isn't any point. I'm literally unlovable."
"Arabcel99","I don't know much about you but I have been reviewing some of your posts here (stalkmaxxing jfl)You are one of the most friendly and genuine incels out here and the fact that normies and foids don't want to do anything with you is proof that personality doesn't matter really.I wish the best fren"
"MadCel9","Well, I'm 24 years old and has never had a GF. I don't have any friends either."
"Destroyed lonely","This is one of the shittiest facts about human psych, what you think you can't have becomes your GodWhen you're constantly reminded you can't have something because of reasons outside of your control, it never makes you accept that fact, it just makes you more sensitive and all you think about is what you can't have meanwhile if you didn't know it you wouldn't even obsess over it or want it that muchER was proof of this, the reason he went ER wasn't because he wasn't good looking enough or was rejected irl, but because he was on PUAhate, which was the earliest post-redpill candidly blackpilled pessimistic forum and it fucked with his headBut the main problem isn't even blackpill and incel forums, it's foids, they just have to let you know how much they don't like you, they're rude and selfish, all social media platforms are female dominant and all they talk about is looks and how much they hate men especially ugly men, they're extremely shallow and want to force everyone to be as lookist as them, women are unironically evil"
"Destroyed lonely","There are literal chads who have had less amount of sex than some escortcels, BUT because they never feel they can't get foids they are never insecure and angry and don't constantly feel horny and lonely like incelsThe subjective value of some things is determined by how much you CAN'T HAVE them not how much you actually like them, sex & foids is one of those things, a lot of sexual attraction is based on insecurity not actual internal raw attractionThis shit gotta be a psyop, there are (((people))) who know this and use it to their advantage@CopingForBrutality@Bianor"
"Lonelyus","If women havent liked you by now, Its a sign that its over."
"DeathIsSalvation","Yeah. It's like those girls who put freckles on their face to be different but they can take them off anytime, unlike those with actual freckles."
"Clownworldcell","I’d say 7 it never began for me I should have been black pilled much earlier in life I’m thirty two and I never had a girlfriend in my twenty’s the foids at the nightclubs would ignore me the moment I would say hi to them while some of them would give chads at nightclubs their numbers and make out with chads I never should have been to nightclubs because it’s a waste of time that was never going to benefit me and would only make me jealous"
"faded","Go fuck your self you racist pieces of shit I’m fed up with white girl rejecting me I want Islam and shit skins to invade western world plz come here I will give you welfare and you can commit any crime"
"faded","Especially commit crime against white girl plz"