date,user,via,post
2024-05-01,Alice,Twitter,The first woman to fly to space was incredibly skilled.
2024-05-02,Bob,Facebook,Many women have contributed to advancements in technology.
2024-05-03,Charlie,Instagram,There is a story about a woman who invented a new type of engine.
2024-05-04,Alice,Twitter,Groups of women around the world are leading important initiatives.
2024-05-05,Eve,LinkedIn,This young woman from the town has started her own business.
2024-05-06,Alice,Twitter,"In the 19th century, a woman named Ada Lovelace made significant contributions to computing."
2024-05-07,Bob,Facebook,Women in various fields face unique challenges and opportunities.
2024-05-08,Charlie,Instagram,A woman's perspective can bring valuable insight into discussions.
2024-05-09,Eve,LinkedIn,Educational programs for women in science are becoming more prevalent.
2024-05-10,Bob,Twitter,The woman argued that equal opportunities in tech could benefit everyone.